<!DOCTYPE hibernate-configuration PUBLIC
        "-//Hibernate/Hibernate Configuration DTD 3.0//EN"
        "http://www.hibernate.org/dtd/hibernate-configuration-3.0.dtd">

<hibernate-configuration>
    <session-factory>
        <property name="hibernate.dialect">org.hibernate.dialect.PostgreSQL82Dialect </property>
        <property name="hibernate.connection.driver_class">org.postgresql.Driver</property>
        <property name="hibernate.connection.username">ars</property>
        <property name="hibernate.connection.password">111</property>
        <property name="hibernate.connection.url">jdbc:postgresql://localhost:5432/lab4</property>


        <property name="connection_pool_size">1</property>
        <property name="hbm2ddl.auto">update</property>
        <property name="show_sql">true</property>
        <property name="hibernate.current_session_context_class">thread</property>
    </session-factory>
</hibernate-configuration>